PAYEMENT,6978405,86.74701192,22.80999071,1086.752453,TRUE,,
WITHDRAWAL,8498007,56.86845032,136.7896886,1772.434598,FALSE,,
DEPOSIT,9759220,-4.788758243,155.3843208,1747.038183,FALSE,,
WITHDRAWAL,9988837,-29.15596884,122.8576147,2764.567899,TRUE,,
PAYEMENT,4940098,48.933155, 2.222100,1970.837669,FALSE,,
WITHDRAWAL,9988837,-60.77863311,-154.0126359,1650.677479,TRUE,,
DEPOSIT,7448798,51.97451225,61.82558795,459.9155751,FALSE,,
WITHDRAWAL,9988837,-42.7908436,89.17284628,1423.945443,TRUE,,
PAYEMENT,3640934,-22.24791465,-11.12500013,576.6238073,FALSE,,
WITHDRAWAL,9988837,-41.71605852,-98.03371018,2773.790247,TRUE,,
PAYEMENT,4940098,59.725723, 68.349653,1978.443139,FALSE,,
WITHDRAWAL,9988837,47.83406191,116.4132134,1679.948109,TRUE,,
WITHDRAWAL,9988837,-27.46561474,-101.5556628,2652.668935,TRUE,,
PAYEMENT,9295025,32.77840031,-135.0058444,547.7455989,FALSE,,
WITHDRAWAL,9988837,75.20203656,-53.56945306,2629.685794,FALSE,,
PAYEMENT,2950540,28.0862801,92.28720369,2437.959795,TRUE,,
PAYEMENT,1185386,1.478710462,47.40169089,2680.217671,TRUE,,
WITHDRAWAL,9988837,-50.15732047,84.96780878,1748.311048,TRUE,,
WITHDRAWAL,9988837,9.67979506,-100.0047519,1018.764541,TRUE,,
PAYEMENT,2157578,-52.15904691,-130.1549444,2038.467128,TRUE,,
PAYEMENT,3297638,46.49515401,-139.8170249,370.8516315,TRUE,,
PAYEMENT,5787885,29.75704674,123.6539201,1571.109619,FALSE,,
PAYEMENT,1699320,-77.06709284,128.188559,1753.808463,FALSE,,
WITHDRAWAL,9988837,77.69029812,-163.8355011,1067.148721,FALSE,,
WITHDRAWAL,9988837,84.0836429,33.83719735,2867.026733,TRUE,,
WITHDRAWAL,9988837,-12.0152429,-127.1609768,876.9619595,TRUE,,
PAYEMENT,9721619,8.42995269,25.67982148,594.8485488,TRUE,,
DEPOSIT,2061310,71.32241655,-64.10088324,2969.361215,FALSE,,
WITHDRAWAL,9988837,-51.44444457,11.85783825,1659.628266,FALSE,,
DEPOSIT,4580035,34.46870784,12.51595982,287.9961136,TRUE,,
DEPOSIT,3932626,2.097914524,92.56696214,1899.669488,FALSE,,
DEPOSIT,3598142,-37.07259767,-86.71088738,1057.614266,TRUE,,
PAYEMENT,4174537,23.09589334,140.3368497,1821.633331,TRUE,,
DEPOSIT,3271672,-71.8855375,18.74195479,710.9118542,TRUE,,
DEPOSIT,8013005,43.27840265,153.4872685,1433.97186,TRUE,,
PAYEMENT,2427166,9.289607429,179.8671207,1405.900828,TRUE,,
WITHDRAWAL,8256146,-60.59601234,-178.5038873,1710.682762,FALSE,,
DEPOSIT,3231498,-6.996842774,-57.43909399,503.431012,TRUE,,
WITHDRAWAL,9988837,5.888663205,-136.8092657,2276.282282,TRUE,,
WITHDRAWAL,9988837,87.65065959,-135.0254294,1248.772045,TRUE,,
WITHDRAWAL,9988837,-33.64234809,-22.65328563,815.8246558,TRUE,,
DEPOSIT,9770491,62.11617232,-0.6092541839,2858.3693,TRUE,,
PAYEMENT,2921549,28.44524066,61.26767385,2679.887103,TRUE,,
PAYEMENT,6796194,-37.52141742,-57.66304802,1845.819101,FALSE,,
DEPOSIT,8339912,-6.522223197,90.17149357,914.9029583,TRUE,,
WITHDRAWAL,9988837,-15.78326946,-47.4657923,1056.90763,FALSE,,
WITHDRAWAL,9988837,37.25261061,145.7925593,354.6479265,FALSE,,
PAYEMENT,5133409,-43.0458224,-151.6710361,1333.749397,TRUE,,
PAYEMENT,5133409,-34.0726515,76.72176647,2169.025639,TRUE,,
WITHDRAWAL,9988837,-89.97817027,-95.0207868,1038.544082,FALSE,,
DEPOSIT,1021386,38.32872421,-141.0337445,1700.896783,TRUE,,
DEPOSIT,6910019,-71.71333662,-123.8064125,2868.515194,FALSE,,
WITHDRAWAL,9988837,4.36098467,39.46443444,1209.25755,TRUE,,
WITHDRAWAL,9988837,44.91117745,110.4130853,1249.853155,FALSE,,
DEPOSIT,3222733,10.53387833,157.4094766,2065.691403,TRUE,,
WITHDRAWAL,9988837,-30.10381133,-74.63832448,2358.979774,TRUE,,
PAYEMENT,5133409,25.1479868,-119.0890656,9668.143762,TRUE,,
PAYEMENT,3787551,-2.841796842,-142.6176602,967.5790739,FALSE,,
DEPOSIT,3556143,64.88886245,15.58003629,1098.54983,TRUE,,
DEPOSIT,5709479,48.05182068,-13.84823714,311.3760487,FALSE,,
PAYEMENT,6681139,84.32408331,-133.995132,1974.881718,TRUE,,
WITHDRAWAL,9988837,-36.96868973,49.78787697,1243.737118,FALSE,,
PAYEMENT,2074085,43.21291334,122.8574238,2759.367019,TRUE,,
WITHDRAWAL,9988837,-34.27076456,7.512318094,1740.338312,FALSE,,
WITHDRAWAL,9988837,-57.91607172,32.74035237,1567.918819,FALSE,,
DEPOSIT,1659076,53.10198167,-77.58706898,2291.296454,FALSE,,
PAYEMENT,2198059,-67.0185543,83.15798739,475.5544688,TRUE,,
PAYEMENT,9909218,-27.74682069,9.10163028,2757.561128,TRUE,,
PAYEMENT,1542130,-76.29141713,-117.3713025,982.4651851,TRUE,,PAYEMENT
WITHDRAWAL,9988837,57.70957169,111.9392862,1518.665719,FALSE,,WITHDRAWAL
WITHDRAWAL,9988837,-85.30183171,30.51474669,2358.527191,FALSE,,DEPOSIT
WITHDRAWAL,9988837,-36.28443444,-21.11661427,1323.161058,FALSE,,
PAYEMENT,9809755,-82.47085018,-49.67407713,542.8721639,TRUE,,
PAYEMENT,2725562,73.77083889,-28.08529618,2529.60111,TRUE,,
WITHDRAWAL,9988837,-6.904352431,174.8758522,2271.501172,FALSE,,
PAYEMENT,1442265,6.210815069,83.54862002,1737.592716,FALSE,,
PAYEMENT,9673167,0.8597590668,55.67935455,631.0357885,TRUE,,
DEPOSIT,1912637,49.98567639,174.3926632,232.3056151,TRUE,,
DEPOSIT,9543917,34.12290912,9.446186893,1891.147818,TRUE,,
PAYEMENT,5503104,-58.39415177,-28.54228359,2763.492448,FALSE,,
WITHDRAWAL,9988837,60.79021972,121.6465861,711.948759,TRUE,,
WITHDRAWAL,9988837,-67.02135085,121.4730613,2747.38579,FALSE,,
PAYEMENT,9988837,15.94831252,-15.78304203,1724.989346,TRUE,,
WITHDRAWAL,5772582,3.862932001,106.4288413,1797.096485,FALSE,,
DEPOSIT,4482174,-81.68941037,-122.0144689,2476.232976,FALSE,,
WITHDRAWAL,3101701,13.02938322,-103.2694679,68.98133558,FALSE,,
DEPOSIT,3791663,-75.89974121,-140.101721,1334.50484,FALSE,,
PAYEMENT,7213284,42.85934238,135.5820627,1257.904931,TRUE,,
PAYEMENT,4089456,31.4470036,-76.69052892,2606.945697,FALSE,,
PAYEMENT,4089456,-65.21708892,-60.4752635,1416.781521,TRUE,,
WITHDRAWAL,9988837,58.38806077,-57.70981013,770.751666,FALSE,,
DEPOSIT,9937212,-57.80143785,-134.4188222,333.0353385,FALSE,,
DEPOSIT,1451767,-14.07992585,47.04655118,794.16533,FALSE,,
PAYEMENT,8787774,55.69461868,-115.5552543,918.789583,FALSE,,
DEPOSIT,8932002,-7.610367588,39.1977726,1454.894654,TRUE,,
PAYEMENT,4500380,-52.31635302,58.99808248,1399.23335,TRUE,,
WITHDRAWAL,9988837,-79.7056778,-141.961827,705.8211904,TRUE,,
DEPOSIT,8268701,62.95252906,113.6477105,2685.596866,FALSE,,
DEPOSIT,8070730,-84.93767292,-159.6835211,2430.369508,FALSE,,
WITHDRAWAL,5181344,33.92390378,-33.84258981,2850.781297,TRUE,,
DEPOSIT,8235338,-23.33102705,-52.04359804,1676.944452,TRUE,,
PAYEMENT,8677194,-61.76702272,121.6093956,476.5743448,TRUE,,
PAYEMENT,7311991,-11.57232076,15.08395412,1076.493487,TRUE,,
DEPOSIT,1940376,-32.02782487,-122.2981257,1685.569495,TRUE,,
PAYEMENT,1646089,-82.33238305,-84.58456467,901.9776466,FALSE,,
DEPOSIT,1152257,48.88411089,-90.18752529,16.78982802,TRUE,,
WITHDRAWAL,9931519,-64.69953306,54.31494957,5.173914031,TRUE,,
PAYEMENT,4089456,80.9404282,59.25155739,1044.367862,FALSE,,
PAYEMENT,7186076,5.816186311,150.5978695,1905.990579,FALSE,,
WITHDRAWAL,8094634,43.99479414,33.15577831,1600.606596,TRUE,,
WITHDRAWAL,4584789,6.676834385,68.50643887,2962.947767,TRUE,,
PAYEMENT,9007393,-8.782572438,171.9134037,2959.858987,TRUE,,
WITHDRAWAL,9315473,-37.64422607,-109.5885098,30.6127907,FALSE,,
WITHDRAWAL,4971855,84.29485553,50.37599096,1913.816644,TRUE,,
WITHDRAWAL,7504408,89.66604784,159.0200394,129.9248424,FALSE,,
WITHDRAWAL,8878552,-23.78713028,-28.97033156,852.2676769,TRUE,,
WITHDRAWAL,5374001,69.11882181,140.6378834,599.2023831,FALSE,,
WITHDRAWAL,6065461,-44.05410277,-52.46933061,2020.812751,TRUE,,
DEPOSIT,7998029,43.74462945,117.919461,245.2908709,FALSE,,
PAYEMENT,2168415,3.478229974,-9.562912985,807.4450842,TRUE,,
DEPOSIT,1801823,69.30424958,24.22926767,2323.232121,TRUE,,
DEPOSIT,9146245,70.02015603,-153.4004022,2196.699899,FALSE,,
PAYEMENT,7483922,-24.36852603,-111.9391717,2495.8632,TRUE,,
WITHDRAWAL,9063297,66.60527321,60.6414308,2391.038601,TRUE,,
PAYEMENT,2489034,40.81913484,-46.14458403,378.0857605,FALSE,,
WITHDRAWAL,1430174,-68.17186326,-139.4808547,2736.394517,FALSE,,
PAYEMENT,7023085,-78.77311781,27.10404047,79.77902698,FALSE,,
PAYEMENT,3240830,26.47908356,-3.305364973,688.903323,FALSE,,
DEPOSIT,3853094,-80.68841703,61.99776786,1411.416871,FALSE,,
DEPOSIT,8583843,17.24412402,-168.5279239,2043.661774,FALSE,,
DEPOSIT,2749969,-23.17197676,-72.5661705,801.7292913,TRUE,,
WITHDRAWAL,8792735,-45.73688407,105.1947346,2419.182559,FALSE,,
WITHDRAWAL,5599158,-2.898581783,73.33313865,550.934531,TRUE,,
DEPOSIT,2989702,-3.208140801,131.0132185,192.6850776,FALSE,,
DEPOSIT,2208068,-8.772094886,-171.4507961,969.2406141,FALSE,,
WITHDRAWAL,7399711,48.91965507,179.71163,2335.510224,TRUE,,
DEPOSIT,9590216,-61.07754733,-48.15517389,1250.94108,TRUE,,
PAYEMENT,4089456,-57.50897182,-11.38089179,2763.16412,TRUE,,
PAYEMENT,4064710,55.3244568,119.3005037,1241.340989,TRUE,,
PAYEMENT,5932223,-60.88023478,60.07440937,733.5600089,TRUE,,
WITHDRAWAL,1409217,55.72199244,159.0440942,558.1572997,FALSE,,
DEPOSIT,4690167,57.32841453,-170.4925043,77.08460175,FALSE,,
PAYEMENT,9098449,26.51079012,-175.5764409,2931.531975,FALSE,,
DEPOSIT,1301307,37.07267512,23.33886513,2684.689915,FALSE,,
PAYEMENT,9207193,23.72039384,99.88050768,87.33189002,FALSE,,
DEPOSIT,9282921,-17.29409189,-36.91948765,11.2003013,TRUE,,
PAYEMENT,6294296,81.38733784,-56.85934029,1586.326269,FALSE,,
PAYEMENT,8258004,-9.894717959,12.88656676,1650.704816,FALSE,,
DEPOSIT,4619192,47.51542756,149.3646588,2675.843873,FALSE,,
DEPOSIT,2392803,-14.66915098,70.1031495,1323.919451,FALSE,,
DEPOSIT,2833055,42.23101223,-102.831554,1448.694493,FALSE,,
DEPOSIT,9039580,-25.25177862,116.9898591,1382.782549,FALSE,,
DEPOSIT,7425169,23.22329226,-94.37756487,333.965494,TRUE,,
PAYEMENT,9740448,61.75238146,169.7362651,1918.682227,TRUE,,
DEPOSIT,9865106,70.17613796,111.293151,672.602631,TRUE,,
PAYEMENT,2295209,-2.364231173,-20.69040461,2475.382476,FALSE,,
DEPOSIT,9018243,-79.51989348,164.0449907,723.6655802,TRUE,,
PAYEMENT,7208653,-73.8891077,-53.19852648,1668.068002,FALSE,,
WITHDRAWAL,8367847,1.206357295,-28.25610735,880.4054002,TRUE,,
PAYEMENT,4089456,-72.29737811,-38.82427831,2632.478827,TRUE,,
WITHDRAWAL,5636521,30.58478808,-127.6058142,2983.794733,FALSE,,
DEPOSIT,6267304,-75.34417884,-74.83718163,1343.766461,FALSE,,
WITHDRAWAL,6468512,-0.173695941,-114.0850202,849.198429,TRUE,,
DEPOSIT,2254249,64.96134019,-80.86684128,608.7358374,TRUE,,
WITHDRAWAL,7843212,22.14623014,48.16827521,2273.202352,FALSE,,
DEPOSIT,4015727,49.20037125,144.8681659,1837.197713,FALSE,,
PAYEMENT,8140348,79.67637252,61.55870204,2775.317501,TRUE,,
DEPOSIT,6608266,-7.429936128,131.1186091,1912.262659,TRUE,,
DEPOSIT,9733603,5.30471007,77.22819364,2925.799639,TRUE,,
WITHDRAWAL,7046266,40.92004824,-21.29921409,1213.962888,TRUE,,
WITHDRAWAL,4086145,10.37337081,-65.60989103,2698.008746,FALSE,,
WITHDRAWAL,8684017,0.9508813413,80.76647623,698.3620014,FALSE,,
WITHDRAWAL,2217038,-89.07051231,-153.3700186,602.7908241,TRUE,,
DEPOSIT,7173361,85.76514702,-131.9502532,1222.456507,TRUE,,
PAYEMENT,2240050,-24.49554677,-139.884163,263.8802931,TRUE,,
PAYEMENT,8621205,35.39500497,131.7250713,845.2080444,FALSE,,
WITHDRAWAL,8083690,-77.84831721,114.8041775,2287.256863,TRUE,,
WITHDRAWAL,2303241,-36.75441598,-11.48470563,672.8699467,FALSE,,
DEPOSIT,5346310,27.97126881,110.2192566,1083.080679,TRUE,,
PAYEMENT,1037394,-78.10831791,72.49701477,982.6639876,FALSE,,
WITHDRAWAL,7546005,-27.82663972,68.66838313,2394.987909,FALSE,,
PAYEMENT,4157912,-58.54021033,172.4232193,2617.462754,TRUE,,
DEPOSIT,6844553,-74.22434391,90.40440597,1466.237108,TRUE,,
WITHDRAWAL,7141437,69.84357293,-72.79950062,1244.471852,FALSE,,
PAYEMENT,9527631,64.50099087,-40.04545613,2672.919779,FALSE,,
DEPOSIT,7610346,-47.02231081,-61.56970426,496.3798453,TRUE,,
PAYEMENT,4089456,63.85796582,-3.578136582,1338.020371,FALSE,,
PAYEMENT,7253041,-45.11790334,-171.2189865,1731.821315,FALSE,,
WITHDRAWAL,9622345,79.58333074,-28.0223941,1922.741855,FALSE,,
WITHDRAWAL,8413469,18.55097276,-112.3397183,2365.436827,TRUE,,
DEPOSIT,7860569,25.74341534,-5.930560633,598.7912807,TRUE,,
PAYEMENT,5250149,10.17201718,-101.4140848,2112.827722,TRUE,,
WITHDRAWAL,1679887,45.29088205,-156.7320935,922.2047492,TRUE,,
DEPOSIT,3154330,28.61223491,-178.6819356,2993.198314,FALSE,,
WITHDRAWAL,4485396,-37.47847183,58.48154258,150.1173222,TRUE,,
WITHDRAWAL,6059518,-39.60465477,-30.15310879,1437.722707,FALSE,,
WITHDRAWAL,6773382,27.75606248,105.9344501,220.3662315,TRUE,,
WITHDRAWAL,4442773,-73.86215873,-83.51262103,4.319386073,TRUE,,
DEPOSIT,4593931,66.07824272,-167.6091938,2213.0362,FALSE,,
WITHDRAWAL,7287406,-80.9696138,-167.5015692,123.5839131,FALSE,,
WITHDRAWAL,9815764,43.80037279,-155.6779659,1755.476028,FALSE,,
WITHDRAWAL,6092909,-1.312437911,-75.17495604,354.5213108,FALSE,,
DEPOSIT,7436435,-61.48026974,-96.13375125,2449.777697,FALSE,,
WITHDRAWAL,1488391,56.59257666,-137.1070057,1155.205048,FALSE,,
DEPOSIT,7479578,26.50663446,-36.5298002,485.4097343,TRUE,,
PAYEMENT,7033032,62.29743029,113.1227975,2249.718299,TRUE,,
DEPOSIT,1476826,-9.628435074,81.10243103,750.2412569,FALSE,,
PAYEMENT,3124291,-64.82048568,154.3565262,860.2291154,TRUE,,
WITHDRAWAL,3971367,51.45173962,-2.922654887,1430.52383,TRUE,,
PAYEMENT,5584422,-54.60953579,-174.7845374,167.7137615,FALSE,,
DEPOSIT,3462963,46.40640259,-44.845662,2363.862585,FALSE,,
WITHDRAWAL,8034313,72.96334186,63.16075818,2146.942448,TRUE,,
WITHDRAWAL,7277984,-47.30296971,41.11875219,1707.515392,TRUE,,
DEPOSIT,6131056,-23.0167796,31.47199699,2905.529521,TRUE,,
PAYEMENT,2512826,39.84781292,-108.9169075,1345.589676,FALSE,,
WITHDRAWAL,6206825,11.19950108,69.37143866,842.1503898,TRUE,,
PAYEMENT,1935040,-15.15923054,-8.03757167,2280.328604,FALSE,,
DEPOSIT,7467994,-49.7956,45.11381558,2558.833332,FALSE,,
PAYEMENT,6899334,13.21754294,-26.20207553,1041.522745,FALSE,,
PAYEMENT,7628237,65.87156362,63.16464176,734.3284462,FALSE,,
WITHDRAWAL,7977898,60.26896194,56.77222485,1270.364109,FALSE,,
WITHDRAWAL,5337150,69.50503445,163.8625893,2042.0749,FALSE,,
PAYEMENT,1877604,57.23787244,-3.049929859,565.3598211,TRUE,,
WITHDRAWAL,7827648,-3.732285352,-35.41407348,113.7663335,FALSE,,
PAYEMENT,3613820,-30.80205496,169.1826213,1753.206268,TRUE,,
PAYEMENT,7840528,57.92806458,-19.07244944,178.8430117,FALSE,,
WITHDRAWAL,6622673,7.970406684,-158.4453555,2911.125442,TRUE,,
WITHDRAWAL,2789723,-66.41484344,8.360049055,6.696302913,FALSE,,
PAYEMENT,1689596,-45.8158237,-75.32463182,22.79448832,FALSE,,
WITHDRAWAL,5724015,79.41833089,21.10004917,2531.600621,FALSE,,
WITHDRAWAL,5235366,-13.23294026,-134.4131635,2510.745136,FALSE,,
PAYEMENT,8943547,-75.91544529,35.24167767,924.4196413,TRUE,,
DEPOSIT,5115034,-39.51637024,-172.2170121,2326.427084,FALSE,,
DEPOSIT,4754459,80.39244309,-164.2688474,998.3568599,TRUE,,
WITHDRAWAL,8173260,87.62862622,176.6190967,1676.86573,TRUE,,
DEPOSIT,1283227,-6.632583672,7.530466595,1791.219773,TRUE,,
DEPOSIT,6498054,58.9753266,97.18993816,1065.194294,TRUE,,
DEPOSIT,5846989,-65.34895403,-65.37448955,780.9806413,TRUE,,
PAYEMENT,2628960,52.2107119,-153.363856,2471.90581,TRUE,,
WITHDRAWAL,2703330,51.02500749,148.7565043,2776.372695,TRUE,,
WITHDRAWAL,4147480,79.32044514,124.9970028,2414.402502,TRUE,,
PAYEMENT,5796670,-33.79549946,-16.6070423,2625.761428,TRUE,,
PAYEMENT,4212330,63.98655542,91.48532356,1113.657384,TRUE,,
DEPOSIT,4135755,-71.79169089,116.175125,35.83941237,FALSE,,
WITHDRAWAL,7107998,-42.38938557,132.8604281,247.256416,FALSE,,
DEPOSIT,8214517,-74.30386743,-128.4431802,1251.468038,FALSE,,
DEPOSIT,6254810,39.97052486,96.98962115,65.84654758,FALSE,,
WITHDRAWAL,5032383,54.59417902,-70.40725351,1868.249736,FALSE,,
DEPOSIT,3983337,14.96590943,-149.5879695,1142.533914,TRUE,,
DEPOSIT,6529810,67.84556913,-80.27419219,613.5584321,FALSE,,
PAYEMENT,1035915,-39.07410403,-70.42856591,2468.895216,FALSE,,
PAYEMENT,2939268,35.77376036,-158.8216386,507.5568769,TRUE,,
DEPOSIT,4378400,81.37521071,-159.6877734,123.1932433,TRUE,,
WITHDRAWAL,2754423,-80.30212038,163.3942159,1105.338816,FALSE,,
WITHDRAWAL,9995213,39.12477795,21.30525201,2541.713144,FALSE,,
WITHDRAWAL,8167036,87.26489124,-61.70205547,711.2701283,FALSE,,
DEPOSIT,1671986,42.52848358,169.4830584,2607.816466,TRUE,,
PAYEMENT,5329187,-37.547369,126.4429597,2967.7705,TRUE,,
DEPOSIT,4259016,16.49779446,-12.36230668,2029.684845,FALSE,,
WITHDRAWAL,2669257,-62.84890071,65.04200563,2458.44225,FALSE,,
PAYEMENT,9245245,-43.52728371,-122.4863858,1860.503626,TRUE,,
WITHDRAWAL,9415285,73.260145,139.1717294,69.27122236,FALSE,,
PAYEMENT,5425798,-4.594444537,-99.41608069,687.1027226,FALSE,,
DEPOSIT,3088968,-54.22449544,-132.0007908,1445.615037,TRUE,,
DEPOSIT,5455957,-58.36982785,-39.0742791,2997.291904,FALSE,,
DEPOSIT,3706205,-72.38943315,-176.2995939,2825.255048,FALSE,,
WITHDRAWAL,7815647,-50.71652596,1.029341089,1164.131833,FALSE,,
WITHDRAWAL,1512389,27.9687728,-62.03803164,1661.69701,TRUE,,
DEPOSIT,9632589,-61.95032269,-144.0672571,2348.385547,FALSE,,
PAYEMENT,3402347,-32.19533224,103.8356989,1354.30499,TRUE,,
PAYEMENT,2406706,-18.94390264,-9.163702537,2518.980721,FALSE,,
DEPOSIT,1001143,40.96603929,-148.3675989,2134.272947,TRUE,,
PAYEMENT,3738115,69.71875443,-177.4799274,1685.444642,TRUE,,
WITHDRAWAL,8921014,38.48352712,-122.9931957,13.76952606,TRUE,,
PAYEMENT,6919766,-46.51343323,-61.22465452,1895.284787,FALSE,,
DEPOSIT,2369342,19.46844383,96.0303471,2970.117203,FALSE,,
PAYEMENT,6446999,87.34631801,9.120890478,501.8885415,TRUE,,
PAYEMENT,6481169,-23.69246243,-47.36847106,222.22359,TRUE,,
DEPOSIT,3527486,67.52139888,23.87129501,692.7985059,TRUE,,
WITHDRAWAL,7595277,-21.76920973,-96.81258176,1061.706456,TRUE,,
WITHDRAWAL,9446912,68.23282136,149.8561591,181.6343727,TRUE,,
DEPOSIT,9234891,-2.386475933,54.28243028,959.6320804,FALSE,,
PAYEMENT,2670674,-7.789716085,-134.4256169,816.3260141,TRUE,,
WITHDRAWAL,8881498,-57.89240012,-106.1557318,1299.300491,TRUE,,
DEPOSIT,1928196,-27.32334773,-24.74674477,2507.899654,FALSE,,
DEPOSIT,5856414,75.24193757,42.28004548,2538.203888,FALSE,,
PAYEMENT,7412999,-7.074810109,-27.76267098,2313.405853,TRUE,,
WITHDRAWAL,5644315,-36.33451273,166.2509018,2814.684808,TRUE,,
DEPOSIT,2856171,84.82270582,22.55278237,1548.658823,FALSE,,
DEPOSIT,5173987,-26.28558101,78.84824961,2157.820705,FALSE,,
WITHDRAWAL,1088788,-56.62752064,-42.30075137,905.6038329,FALSE,,
PAYEMENT,4045843,29.27083359,-170.1973192,1687.939686,TRUE,,
WITHDRAWAL,3755515,-20.05897727,-146.841506,1509.056834,FALSE,,
WITHDRAWAL,2967865,0.555374094,-50.27536421,2399.576168,FALSE,,
PAYEMENT,2315247,-58.7135902,150.3477525,1581.350679,FALSE,,
PAYEMENT,5230908,35.98717784,53.12750279,2672.625702,TRUE,,
DEPOSIT,2844376,79.83045341,122.4806634,2663.540654,TRUE,,
PAYEMENT,9451014,70.78934798,-25.87358632,2169.355643,TRUE,,
PAYEMENT,2348645,-42.28818306,49.85100463,1550.099328,TRUE,,
WITHDRAWAL,4011429,83.66786078,-87.62755201,2837.548651,TRUE,,
DEPOSIT,1817989,83.37428901,141.3682983,971.6830453,FALSE,,
PAYEMENT,2021468,11.50938725,-160.7695708,1680.539534,TRUE,,
DEPOSIT,8154805,15.42833421,-106.1784948,1458.161746,FALSE,,
WITHDRAWAL,6987031,89.30494292,-152.1789728,1584.789864,FALSE,,
WITHDRAWAL,4805044,30.23194969,38.52123872,2441.632541,FALSE,,
PAYEMENT,2280722,53.89979657,-34.16656024,860.8079759,FALSE,,
PAYEMENT,6276105,73.33810896,-20.00593934,2835.922124,FALSE,,
PAYEMENT,2580400,53.99644727,-74.39512197,1283.962019,TRUE,,
WITHDRAWAL,5906637,-7.76733038,139.7182144,1733.835219,FALSE,,
PAYEMENT,8898291,-48.79001866,-111.3832009,2082.674904,FALSE,,
DEPOSIT,5147537,-9.466604562,-90.92957622,2284.206581,FALSE,,
DEPOSIT,2126607,-83.18044388,156.156717,2761.672984,FALSE,,
WITHDRAWAL,4295128,-70.75566918,-157.6076539,1895.133728,FALSE,,
WITHDRAWAL,6157685,-77.08560515,-62.55264449,2350.778265,FALSE,,
WITHDRAWAL,3718949,-23.72002353,-70.79650993,914.429388,FALSE,,
DEPOSIT,8838373,-5.551661971,82.18400633,2102.954639,TRUE,,
DEPOSIT,4871610,-45.87750472,-116.9689942,2479.561816,TRUE,,
WITHDRAWAL,8948087,-82.34317036,155.4043875,31.10009394,FALSE,,
PAYEMENT,7646876,80.29696445,155.1643767,2032.718518,FALSE,,
WITHDRAWAL,4227307,-9.469769358,76.32582776,1657.937321,FALSE,,
DEPOSIT,4930618,-35.19819714,70.07204349,2647.111508,TRUE,,
DEPOSIT,8384779,-9.434411476,-35.27006548,2878.189715,TRUE,,
DEPOSIT,9570886,21.48294533,43.55576538,2.559911078,TRUE,,
WITHDRAWAL,1584622,-35.36363877,-77.71211388,1802.322071,FALSE,,
PAYEMENT,2826224,-79.32611493,-33.58617673,1135.462465,TRUE,,
WITHDRAWAL,6867651,-35.86058153,113.6579664,506.111701,TRUE,,
DEPOSIT,9107927,72.63305708,-29.99455322,2633.587533,FALSE,,
DEPOSIT,5117504,-42.97342862,93.13392706,2874.228615,TRUE,,
DEPOSIT,9123793,45.10298751,93.35188852,2272.122849,FALSE,,
PAYEMENT,5053332,66.14226135,-54.91454915,2557.238398,FALSE,,
DEPOSIT,8100222,-6.288904794,155.0942126,1325.979257,FALSE,,
DEPOSIT,9503497,-67.47925404,-113.4559166,2802.768776,TRUE,,
WITHDRAWAL,3311722,46.26254531,-168.2997337,435.6436981,FALSE,,
PAYEMENT,3059811,72.8082295,62.30632335,650.1552463,FALSE,,
WITHDRAWAL,5950811,-3.114785237,42.84246352,2550.507649,TRUE,,
DEPOSIT,2337002,-25.55614671,-50.76604404,2255.220015,FALSE,,
PAYEMENT,3673114,44.43294744,-3.949250833,584.5275046,FALSE,,
DEPOSIT,3120356,-88.85348851,27.53704445,2733.845409,TRUE,,
WITHDRAWAL,1464890,52.80543326,148.9004592,2063.628296,FALSE,,
PAYEMENT,3500984,-32.08710298,1.36069581,2659.944881,FALSE,,
DEPOSIT,5101108,-44.51721287,-145.4311132,651.1643975,TRUE,,
WITHDRAWAL,5609275,70.24910247,-144.2795585,2739.969616,FALSE,,
WITHDRAWAL,4554906,-50.50439558,165.1571285,1545.075158,TRUE,,
WITHDRAWAL,8067423,-19.34024695,-163.3745473,2211.228511,FALSE,,
PAYEMENT,4978291,27.46295953,-0.5793642043,1745.589192,TRUE,,
WITHDRAWAL,7389058,-61.75735491,39.10203165,2408.453897,TRUE,,
WITHDRAWAL,8704868,72.75203576,173.3030288,2102.269302,FALSE,,
DEPOSIT,7879883,-20.86537316,-75.08591208,929.9773119,FALSE,,
WITHDRAWAL,4665913,20.07486743,61.86905448,2230.064779,TRUE,,
WITHDRAWAL,1734537,-81.11111613,-142.6687401,2863.748222,FALSE,,
PAYEMENT,6339769,-9.914461892,101.9529668,2311.431073,FALSE,,
PAYEMENT,6229307,-52.18932474,21.70113308,40.74657163,TRUE,,
WITHDRAWAL,4841119,-64.76876922,-148.7244416,810.4560098,FALSE,,
DEPOSIT,9392894,89.8265159,153.3474105,1940.015513,TRUE,,
DEPOSIT,4035674,-70.98683432,-19.74553278,2159.623692,TRUE,,
PAYEMENT,3453326,-89.58891349,12.07459618,1330.838285,TRUE,,
PAYEMENT,4945142,11.00982298,-81.31428159,2844.07251,FALSE,,
WITHDRAWAL,5686228,-36.93947344,107.0682275,1393.161065,TRUE,,
WITHDRAWAL,5268010,-15.09955777,-144.5216584,415.0420069,TRUE,,
DEPOSIT,4457482,83.20576122,-132.8779253,781.2331594,TRUE,,
PAYEMENT,8505844,61.00762907,-36.6251196,1086.115694,TRUE,,
PAYEMENT,6488746,-82.45661179,96.90675347,1996.008976,FALSE,,
DEPOSIT,8562995,-86.42556499,12.90806372,1584.694223,TRUE,,
PAYEMENT,2520967,-77.4245919,-93.44846765,2601.894699,TRUE,,
DEPOSIT,8048413,76.43489559,114.6740859,1088.080194,FALSE,,
PAYEMENT,9193746,33.55571237,-96.60012468,1090.081352,TRUE,,
WITHDRAWAL,6840265,39.57250261,3.414829773,2719.212988,TRUE,,
DEPOSIT,6366160,-18.283253,-176.1972229,1865.507489,FALSE,,
DEPOSIT,4024764,89.24557135,51.59223479,1421.418084,FALSE,,
WITHDRAWAL,3204685,49.08236473,39.73981996,1463.335633,TRUE,,
DEPOSIT,9078954,-37.83882721,107.425674,1893.866385,TRUE,,
PAYEMENT,9160929,-55.33672261,-101.4613821,2213.982601,FALSE,,
DEPOSIT,1745722,41.18267922,169.1956347,1828.486702,FALSE,,
PAYEMENT,9564045,-40.50685469,90.75771482,1437.860551,FALSE,,
DEPOSIT,2459187,48.15402708,3.562168564,1232.92563,TRUE,,
DEPOSIT,6402439,-80.27823437,-23.71266274,2611.090286,FALSE,,
PAYEMENT,2075101,-84.17579279,123.4014118,1300.260182,TRUE,,
WITHDRAWAL,3439120,53.57559828,-75.08394805,1784.934916,TRUE,,
DEPOSIT,1824550,23.07708795,46.04761973,1851.382571,TRUE,,
DEPOSIT,9643234,8.975525639,-63.85883463,1832.350159,FALSE,,
WITHDRAWAL,6353032,88.54709904,164.786653,946.4983318,FALSE,,
DEPOSIT,4386162,-58.66932287,-6.875279054,1536.995391,FALSE,,
DEPOSIT,8315997,-9.625305678,7.051002976,1063.596229,FALSE,,
PAYEMENT,8994506,-34.31876804,-25.20205042,2319.834592,FALSE,,
PAYEMENT,9223300,-67.21600135,107.2103137,359.0252808,TRUE,,
PAYEMENT,8910781,1.930330302,-156.2967281,1936.963999,TRUE,,
PAYEMENT,7222828,-17.88162441,168.4561193,652.7820541,FALSE,,
PAYEMENT,3194248,-52.81316246,-91.1337143,1184.813373,TRUE,,
DEPOSIT,2770733,-9.970615792,-111.509537,2972.481051,TRUE,,
DEPOSIT,5143304,3.849328514,104.5695281,655.0306644,TRUE,,
WITHDRAWAL,6419822,-45.92418487,-67.88519913,908.346451,FALSE,,
WITHDRAWAL,5067237,7.423938443,-122.7629136,2515.191806,TRUE,,
PAYEMENT,5546958,-54.24116186,-91.92563798,2699.372653,FALSE,,
WITHDRAWAL,9155406,-76.57806656,-168.2571766,2011.384875,TRUE,,
WITHDRAWAL,3992514,-56.98358099,-21.53658839,2519.901217,FALSE,,
PAYEMENT,1200416,-49.92125962,-128.5427089,737.4675449,TRUE,,
WITHDRAWAL,7125710,33.75711346,-89.41522695,2857.459204,TRUE,,
WITHDRAWAL,7566847,-47.06265258,137.5077725,1270.541985,TRUE,,
PAYEMENT,8545280,-15.22528561,80.45197789,2267.381795,FALSE,,
PAYEMENT,9224284,61.22147232,74.42447961,2594.454844,TRUE,,
WITHDRAWAL,3840237,77.30782598,-35.6794811,1117.468807,TRUE,,
PAYEMENT,8436237,44.8760454,72.09232195,1118.803205,FALSE,,
PAYEMENT,3475526,87.86212212,-26.944181,1766.027846,FALSE,,
DEPOSIT,4340398,-61.52499491,46.35360697,1330.298712,FALSE,,
PAYEMENT,4408726,7.279496605,-139.7647602,1877.854153,TRUE,,
PAYEMENT,1404823,45.0024926,119.4716634,2201.041665,FALSE,,
DEPOSIT,5574759,89.31235864,108.2097119,1313.069713,FALSE,,
PAYEMENT,9774717,-87.27090546,1.850260856,2923.32394,FALSE,,
DEPOSIT,8718269,34.34982601,-50.38679002,1120.756279,FALSE,,
DEPOSIT,6741147,63.76797822,60.9174077,76.40209109,TRUE,,
PAYEMENT,3010290,-73.03488029,130.8250385,139.8024935,FALSE,,
DEPOSIT,3778060,57.95752893,173.0574016,1675.039146,FALSE,,
PAYEMENT,9332479,15.44199659,47.60654506,2419.55592,TRUE,,
DEPOSIT,9510462,-77.15944348,79.16915456,154.6512628,FALSE,,
PAYEMENT,8735363,45.5373631,93.62054156,2098.312811,FALSE,,
PAYEMENT,5444726,64.87118941,111.2254227,150.1373164,TRUE,,
PAYEMENT,3146739,2.90393577,-165.006575,1353.352341,FALSE,,
PAYEMENT,7898409,71.56743762,61.61362326,2095.815065,FALSE,,
WITHDRAWAL,6994599,32.60087471,106.8178671,1006.461668,FALSE,,
PAYEMENT,4417552,-25.05912512,22.68825197,1367.60961,FALSE,,
PAYEMENT,7072905,-60.95658106,71.96226886,2137.422541,FALSE,,
DEPOSIT,9784693,76.78834367,72.61389248,795.3857335,FALSE,,
PAYEMENT,3434021,-25.02049047,-26.67696265,537.810431,TRUE,,
DEPOSIT,3766527,72.74943225,145.1109336,2267.11138,FALSE,,
DEPOSIT,2687401,-1.661016853,55.42213016,801.1718595,TRUE,,
WITHDRAWAL,2232914,28.65676762,-16.86025346,2435.781692,TRUE,,
DEPOSIT,8114787,36.09887912,150.8356686,675.0157019,TRUE,,
PAYEMENT,4118930,-83.31638883,106.0069907,2817.493361,FALSE,,
DEPOSIT,2423782,-35.0213905,25.28477001,2736.300272,FALSE,,
DEPOSIT,3572021,54.98920317,-129.8928022,2161.891545,FALSE,,
WITHDRAWAL,9422919,-19.53411385,-170.6021744,345.8013711,TRUE,,
DEPOSIT,1318245,-69.34822016,167.906697,1695.934201,TRUE,,
DEPOSIT,7292300,-55.66480758,135.3594176,1897.868338,FALSE,,
WITHDRAWAL,2736901,-42.8491954,-91.65622692,734.4296947,FALSE,,
DEPOSIT,1526957,32.7250174,56.21476357,929.9555046,FALSE,,
DEPOSIT,2885509,-37.18552831,-106.8099118,246.3845376,FALSE,,
WITHDRAWAL,7351122,-16.430149,-89.05368444,1369.658366,TRUE,,
WITHDRAWAL,1118084,-68.4007878,-125.146618,1029.483674,FALSE,,
DEPOSIT,7722036,75.63276628,-0.8497924504,2863.883032,FALSE,,
WITHDRAWAL,6572795,-38.75958649,96.48160729,1425.05508,FALSE,,
PAYEMENT,3257936,-81.23888557,-102.0894838,402.6862169,TRUE,,
PAYEMENT,7263736,2.946433962,108.0628497,1486.027021,TRUE,,
DEPOSIT,9606574,-16.18874344,16.11904217,1576.082187,TRUE,,
DEPOSIT,7954220,80.95161636,-46.36428148,1658.45573,TRUE,,
DEPOSIT,3490980,13.79013033,-173.037199,2401.93247,TRUE,,
PAYEMENT,4736799,66.76217482,-106.0103787,1555.32408,FALSE,,
DEPOSIT,1503719,58.28639438,69.67057665,462.4996855,FALSE,,
WITHDRAWAL,2785616,-78.00323476,43.72601649,976.0155091,FALSE,,
WITHDRAWAL,1770128,49.66898641,-87.93011663,1671.318667,FALSE,,
WITHDRAWAL,5472995,-76.66995509,-93.22162281,1877.048235,TRUE,,
PAYEMENT,4959595,30.58577689,154.3760224,1555.052444,FALSE,,
PAYEMENT,7164164,23.99297319,114.0828794,1434.58741,TRUE,,
DEPOSIT,6111425,82.08135485,-46.63887069,1030.670367,TRUE,,
WITHDRAWAL,2640516,-2.818449612,32.81159021,296.5864716,TRUE,,
PAYEMENT,6242808,-75.43426931,-130.7960893,949.6938743,FALSE,,
WITHDRAWAL,6804470,69.00175788,-81.69224513,2726.163815,FALSE,,
WITHDRAWAL,4455113,-50.38838773,82.59481636,1690.864486,FALSE,,
DEPOSIT,4716620,-58.52904091,-104.3924989,2946.398627,TRUE,,
PAYEMENT,5218010,-0.8433314887,-92.11235648,1942.23442,TRUE,,
PAYEMENT,5751691,51.65586737,-136.6752903,1952.904113,TRUE,,
PAYEMENT,4742898,5.470685693,-166.8082889,2014.573636,TRUE,,
PAYEMENT,6748211,41.11740203,152.9761386,441.450749,TRUE,,
DEPOSIT,6850081,25.86037258,-102.6403375,170.7150056,FALSE,,
WITHDRAWAL,1050703,-56.87064894,53.91306091,865.0978216,FALSE,,
DEPOSIT,3630609,-38.51610206,57.0395896,999.9781483,TRUE,,
DEPOSIT,5354673,-85.87104259,-161.5876335,2784.639281,FALSE,,
DEPOSIT,5520808,21.10230117,-32.35302116,1882.467233,FALSE,,
WITHDRAWAL,3542530,63.84405994,121.7972795,387.9598404,FALSE,,
WITHDRAWAL,2143271,-65.31193498,126.717172,2503.529028,TRUE,,
WITHDRAWAL,3698267,66.63655607,-174.5376265,842.7701501,TRUE,,
DEPOSIT,2479255,35.43668376,166.193158,732.0783183,FALSE,,
WITHDRAWAL,5811493,48.73157332,51.25359708,12.17968537,FALSE,,
WITHDRAWAL,5651648,54.09218772,174.4815764,365.305902,FALSE,,
DEPOSIT,4898990,-76.09592916,-173.1918133,237.0580428,FALSE,,
DEPOSIT,6331074,-80.87847417,-144.6078084,273.3181565,TRUE,,
PAYEMENT,2599725,-1.579723407,-175.674825,1590.917627,FALSE,,
PAYEMENT,9856348,37.98811183,28.30860483,716.7232945,TRUE,,
PAYEMENT,1169287,-3.055976061,79.07214098,2194.256223,FALSE,,
PAYEMENT,3554090,-23.27466248,114.1898797,1533.66831,TRUE,,
DEPOSIT,4076980,-60.10688248,-53.87913776,272.4659629,FALSE,,
WITHDRAWAL,4572486,-9.345516222,-29.52956636,2835.302735,TRUE,,
PAYEMENT,9026309,52.35670967,89.85157964,2325.428937,TRUE,,
WITHDRAWAL,8698759,-87.80318315,142.9289045,1754.430993,FALSE,,
DEPOSIT,5364211,70.96239094,-65.69497089,1703.066322,TRUE,,
PAYEMENT,1758586,-88.62051379,-174.4193957,2964.935283,FALSE,,
WITHDRAWAL,3726773,11.62388409,55.25142405,1439.024096,FALSE,,
DEPOSIT,9685307,-49.77667768,-174.8162296,542.4807649,FALSE,,
DEPOSIT,5680805,-45.66638042,-13.2308421,258.3970375,FALSE,,
PAYEMENT,6644481,-61.56527438,-17.26825411,2542.523304,TRUE,,
DEPOSIT,2714414,15.32627974,-5.809705393,2353.304582,FALSE,,
WITHDRAWAL,3531572,19.7234557,51.15233743,2311.55932,FALSE,,
PAYEMENT,5200637,19.08138681,-122.3917159,1905.018693,TRUE,,
DEPOSIT,2900429,-34.03516656,170.2962854,2263.099275,FALSE,,
WITHDRAWAL,1380810,67.61768222,130.0137342,250.342861,TRUE,,
PAYEMENT,8607482,-79.03638529,-5.759051881,2991.596148,FALSE,,
DEPOSIT,3248048,20.0358277,73.90850253,1354.589488,FALSE,,
PAYEMENT,7368478,12.71420235,92.15630705,1375.48074,FALSE,,
PAYEMENT,2925631,-73.22357418,100.4555922,1409.684901,FALSE,,
PAYEMENT,3622259,89.05793876,-24.1996688,2553.879147,TRUE,,
WITHDRAWAL,8448781,-21.12081248,-85.51552618,1453.934002,TRUE,,
DEPOSIT,8179696,68.09446564,160.5735749,1529.232607,FALSE,,
DEPOSIT,7799060,28.76852716,113.7468371,174.4337139,FALSE,,
WITHDRAWAL,7324638,73.50557199,-27.46005872,937.9791571,FALSE,,
WITHDRAWAL,3716251,-15.32233992,6.588557113,253.0753609,TRUE,,
DEPOSIT,5155737,-6.696737567,-36.39375984,2391.166893,FALSE,,
PAYEMENT,8672968,82.49499019,71.67857989,2735.906208,TRUE,,
PAYEMENT,6006520,75.93867387,-143.0313684,1473.173602,FALSE,,
DEPOSIT,1389998,86.12452913,17.74623422,911.1099219,FALSE,,
DEPOSIT,6942720,-66.96311973,23.92408081,2115.822424,TRUE,,
WITHDRAWAL,1289402,-62.24103636,-50.31599694,2775.16059,FALSE,,
PAYEMENT,9187175,-53.60077596,153.2797976,1862.697133,TRUE,,
PAYEMENT,3590019,22.94638112,-32.74497663,2536.331999,TRUE,,
WITHDRAWAL,9839408,-43.20356466,41.06933987,1589.328249,TRUE,,
PAYEMENT,7558218,39.97686567,79.5117424,2170.594124,FALSE,,
WITHDRAWAL,3290146,72.23211462,-120.5803704,2243.48387,FALSE,,
PAYEMENT,7933827,79.72495611,-44.4827261,2212.285784,TRUE,,
DEPOSIT,5169204,57.86924759,-119.3443557,2169.763818,FALSE,,
PAYEMENT,6694323,9.270789662,-18.17893737,870.4564137,TRUE,,
PAYEMENT,1252279,3.076560857,-69.35277499,1747.152538,TRUE,,
DEPOSIT,2096508,81.81297592,49.25954281,835.4459678,FALSE,,
WITHDRAWAL,9395734,-87.22592254,-158.307261,419.5909471,TRUE,,
WITHDRAWAL,3422163,15.81778405,124.0368427,1637.524186,TRUE,,
DEPOSIT,2817395,-19.54251553,0.715757319,2369.820742,FALSE,,
DEPOSIT,8774488,50.07309635,-33.17537722,1983.003531,FALSE,,
DEPOSIT,7793613,44.29100806,-162.8300003,2066.944758,FALSE,,
DEPOSIT,3749151,-31.80508522,113.0605224,1700.329362,FALSE,,
WITHDRAWAL,2048349,-18.87707294,-166.1258846,2808.921377,FALSE,,
PAYEMENT,7699255,68.84485239,-119.8954286,2840.755057,FALSE,,
PAYEMENT,8855371,-2.846323079,103.2272812,2142.52825,FALSE,,
PAYEMENT,1178342,-73.05272575,52.94053228,1391.234141,TRUE,,
DEPOSIT,9480788,39.54316562,-65.791112,1244.529302,FALSE,,
PAYEMENT,4360571,-80.1546699,68.31637185,2251.367003,FALSE,,
WITHDRAWAL,4985626,27.06367301,-91.31339768,2917.570407,TRUE,,
DEPOSIT,7966996,-78.28060679,144.3639863,616.2915696,FALSE,,
PAYEMENT,8643897,-73.11829035,-31.58337635,2830.793072,FALSE,,
DEPOSIT,2529218,13.63499787,-156.2957173,192.3122025,TRUE,,
DEPOSIT,6140266,-59.10606112,-50.58625893,915.7651107,FALSE,,
WITHDRAWAL,6182622,87.02880562,-84.16111844,2485.231175,FALSE,,
WITHDRAWAL,5053122,31.26790347,-136.0830571,1919.901836,TRUE,,
DEPOSIT,8614108,-30.16903441,80.38606952,460.5458158,TRUE,,
PAYEMENT,2222487,-11.22002405,160.9240779,2888.320908,TRUE,,
WITHDRAWAL,6441449,-40.87624903,75.69410049,1632.056176,FALSE,,
WITHDRAWAL,1272712,-32.65464623,-53.71292087,766.6043455,FALSE,,
DEPOSIT,1754643,17.4257074,94.94285231,1027.514873,FALSE,,
WITHDRAWAL,2416618,-2.745201883,127.8422173,226.2129268,TRUE,,
WITHDRAWAL,5758297,54.35533333,19.5321177,677.6383442,TRUE,,
DEPOSIT,9701220,81.83997014,98.31893822,2655.631416,TRUE,,
WITHDRAWAL,9664178,87.37005601,30.9852476,2433.366318,FALSE,,
DEPOSIT,2327710,66.66550432,110.2703939,2837.436687,TRUE,,
DEPOSIT,1723379,38.10773429,-40.47265256,1925.34408,TRUE,,
DEPOSIT,9323048,-43.71407092,177.5700032,1057.461349,FALSE,,
PAYEMENT,8348295,31.00504414,129.8114007,713.2435638,FALSE,,
DEPOSIT,4395238,-24.18356102,64.8158922,2039.528539,FALSE,,
DEPOSIT,6247158,-87.43170789,139.9706978,1739.1236,FALSE,,
PAYEMENT,6927639,78.06738004,120.0997307,1549.701014,TRUE,,
PAYEMENT,2009579,-40.02198782,-34.59496954,691.3339361,FALSE,,
DEPOSIT,5314140,-37.88409058,111.9730225,508.8242161,FALSE,,
WITHDRAWAL,7603638,-38.51737336,67.71881208,2130.645714,FALSE,,
PAYEMENT,3668911,-3.421714527,165.1534198,2841.943922,FALSE,,
WITHDRAWAL,3896732,85.95409664,-35.59525492,39.85368832,TRUE,,
PAYEMENT,7361323,-83.5395159,-28.24951563,1787.890829,TRUE,,
DEPOSIT,8953664,30.52823506,-43.2858152,1877.955092,TRUE,,
DEPOSIT,2889753,-17.42771907,98.8757515,2311.301007,FALSE,,
DEPOSIT,3901265,-38.26493624,80.30837816,2280.430046,FALSE,,
DEPOSIT,1636545,-71.32713426,-4.119577754,1281.277165,FALSE,,
DEPOSIT,8813661,13.05321732,62.50036105,12.78163098,TRUE,,
WITHDRAWAL,6939092,5.668979191,-25.29323203,2993.885384,TRUE,,
DEPOSIT,1536299,29.32320569,106.0592829,904.3637175,TRUE,,
PAYEMENT,8209475,41.51647897,-112.3594731,1067.188941,FALSE,,
DEPOSIT,5981992,72.66518944,-14.33606774,747.0271982,FALSE,,
DEPOSIT,1376797,-42.49731014,103.9329146,984.3699685,FALSE,,
PAYEMENT,3943502,5.018778238,30.29393597,2006.027797,TRUE,,
WITHDRAWAL,5828980,-80.85816942,19.2660416,2218.905531,FALSE,,
DEPOSIT,1653770,-13.48142427,-87.60676246,861.104289,TRUE,,
PAYEMENT,5213694,-43.85593707,-18.06334019,671.3216299,FALSE,,
WITHDRAWAL,3022712,16.81529382,109.9132631,260.1842913,FALSE,,
WITHDRAWAL,1222535,9.276765411,-127.8761451,2664.716489,FALSE,,
WITHDRAWAL,9382793,56.13688445,-144.1489775,1247.699967,TRUE,,
DEPOSIT,1134276,-28.80536022,-95.99200227,180.3508038,TRUE,,
PAYEMENT,1809380,-24.84229984,-54.72702595,1729.270261,FALSE,,
PAYEMENT,6081805,-2.445175138,-63.73398117,2918.867401,FALSE,,
WITHDRAWAL,7237015,-33.78024151,-16.18339882,694.1861893,TRUE,,
PAYEMENT,9003468,-51.65109625,-150.8482795,810.2037144,FALSE,,
PAYEMENT,7003383,4.55434534,-75.82937601,860.7316598,TRUE,,
PAYEMENT,5466609,57.0828831,-106.3245429,1288.464021,TRUE,,
PAYEMENT,3390337,-3.877054238,-133.9394314,2095.296611,FALSE,,
PAYEMENT,2326308,47.23791032,171.1447379,2128.757609,TRUE,,
PAYEMENT,1449663,10.58426198,26.94050488,127.2546915,FALSE,,
WITHDRAWAL,1996880,-53.31873151,-6.538007564,1402.496532,FALSE,,
WITHDRAWAL,6565499,-36.43745154,-10.82702497,1114.837852,FALSE,,
WITHDRAWAL,1064511,37.01309682,-66.83229715,2746.467236,TRUE,,
PAYEMENT,3395417,-55.48272398,37.34971266,1074.268594,FALSE,,
PAYEMENT,6432899,7.186668518,-152.5380328,2119.105002,TRUE,,
DEPOSIT,7455518,-54.41676264,-32.9262168,1861.102532,FALSE,,
WITHDRAWAL,6284310,20.39843918,-124.3441274,1604.146186,TRUE,,
PAYEMENT,8052050,16.0650786,2.621936288,1069.366739,TRUE,,
WITHDRAWAL,5277594,6.79007642,-168.8598425,45.91952729,TRUE,,
WITHDRAWAL,1707884,57.94338924,162.1921427,1405.29848,FALSE,,
WITHDRAWAL,1341104,-41.16635726,136.5842544,2900.05214,TRUE,,
WITHDRAWAL,8904926,-86.29277976,130.7981724,1797.317622,TRUE,,
PAYEMENT,2439133,73.58909807,-132.611941,1055.767964,TRUE,,
DEPOSIT,7088389,-59.19160975,125.3088753,955.7089175,FALSE,,
PAYEMENT,1209509,48.85054887,-130.7776176,538.081988,FALSE,,
PAYEMENT,1630939,1.586799956,164.776404,2512.108327,FALSE,,
PAYEMENT,8765805,46.36604219,-0.2422413642,2296.256731,FALSE,,
PAYEMENT,7050150,36.00659123,-158.6855769,1202.444159,TRUE,,
PAYEMENT,2621461,32.96952231,-55.53548785,2204.467518,FALSE,,
DEPOSIT,6124825,-7.853601842,-10.24490898,243.9896623,FALSE,,
WITHDRAWAL,9251837,73.06004339,106.8660012,2276.689418,FALSE,,
PAYEMENT,7194394,-50.90925414,-6.35784647,768.5464241,TRUE,,
PAYEMENT,4125392,-62.82789186,63.1612114,874.6996294,FALSE,,
WITHDRAWAL,5870985,4.475535631,54.4381385,564.7627178,FALSE,,
PAYEMENT,3648482,-89.51623277,91.14849584,2669.500435,FALSE,,
DEPOSIT,5962029,88.06099295,-108.1050625,2842.856781,TRUE,,
DEPOSIT,5079825,51.40072787,-121.551278,715.4939387,FALSE,,
PAYEMENT,2872876,-70.23326839,36.24183993,1138.571769,TRUE,,
DEPOSIT,1835650,-11.45792464,-27.16042935,2485.840622,FALSE,,
WITHDRAWAL,9965942,-40.15625329,-134.8093919,2928.450458,FALSE,,
PAYEMENT,8575739,49.55577734,18.89267571,1978.446992,TRUE,,
WITHDRAWAL,4641198,17.32812384,-63.1229486,2128.241236,TRUE,,
PAYEMENT,9712557,-42.45787879,173.997833,276.1637075,FALSE,,
DEPOSIT,5404973,25.48414172,8.009756359,217.5976612,TRUE,,
WITHDRAWAL,4424546,41.10497743,10.33323805,1582.618316,TRUE,,
DEPOSIT,7869907,-52.72378566,17.06275171,1588.718025,TRUE,,
DEPOSIT,2799573,18.14142995,127.5936351,966.6223352,FALSE,,
DEPOSIT,4162638,45.49794454,-64.16290953,400.1034461,FALSE,,
DEPOSIT,5862191,-22.31058706,-102.3611717,2652.608931,TRUE,,
WITHDRAWAL,2974908,29.33322793,-132.2401724,1259.45414,TRUE,,
WITHDRAWAL,3356051,-59.93754174,73.11961236,870.7944962,TRUE,,
PAYEMENT,5802714,-72.05783734,24.64546439,1726.529292,TRUE,,
WITHDRAWAL,4635290,-14.99487325,-92.85389752,2316.794083,FALSE,,
WITHDRAWAL,7102281,-78.92068875,-129.8030755,2666.587187,TRUE,,
PAYEMENT,4608046,87.90923077,-137.1193608,2313.721168,TRUE,,
WITHDRAWAL,4191799,83.50177806,31.279462,881.1975913,TRUE,,
DEPOSIT,8410244,-7.241188623,-113.6159588,2577.202473,TRUE,,
PAYEMENT,5592996,-26.43949005,-121.9072558,1163.551032,FALSE,,
PAYEMENT,6379553,10.25365599,122.0652151,171.4476938,FALSE,,
DEPOSIT,7584015,-45.746557,61.05320838,672.0292213,FALSE,,
DEPOSIT,4109871,-46.359496,149.7504171,38.12084738,TRUE,,
PAYEMENT,9753047,7.329401658,42.86234665,2475.270996,TRUE,,
PAYEMENT,6312224,-68.38385818,-179.1047996,464.2212832,TRUE,,
WITHDRAWAL,2174031,-44.24485058,-115.61507,715.1609502,TRUE,,
PAYEMENT,6539139,-83.97411264,-92.87093899,1724.839339,FALSE,,
WITHDRAWAL,6518198,-42.20412898,-143.7725645,2466.372757,FALSE,,
WITHDRAWAL,5715233,-63.95283658,-91.40353625,1945.209807,TRUE,,
PAYEMENT,4216827,-24.27580519,166.0485879,2181.940186,FALSE,,
PAYEMENT,8241489,-15.48479501,-102.9931168,2137.037328,TRUE,,
DEPOSIT,5019081,45.19141382,64.533702,1227.856344,FALSE,,
DEPOSIT,3277492,-14.27645328,-33.37186282,2399.065212,TRUE,,
DEPOSIT,1571701,6.804060307,138.6307519,2284.291681,TRUE,,
PAYEMENT,3829206,-12.56460407,66.46973012,63.14779768,FALSE,,
WITHDRAWAL,1191298,-58.49894484,-44.789001,2169.460458,FALSE,,
PAYEMENT,3361093,38.30509381,-97.44646901,2105.869476,TRUE,,
WITHDRAWAL,4005069,-84.21588697,-133.9614249,501.5989995,FALSE,,
WITHDRAWAL,5483819,-8.923443639,177.5265513,1532.621209,FALSE,,
PAYEMENT,1850131,-15.60716123,28.19497177,1616.466266,TRUE,,
WITHDRAWAL,7894277,-27.24560038,86.13111714,635.9575968,FALSE,,
DEPOSIT,7638939,-32.87571014,23.41271067,598.1434984,TRUE,,
WITHDRAWAL,2039334,76.70338851,-127.4683296,602.3489345,TRUE,,
WITHDRAWAL,3177078,46.47555395,-76.2385177,439.9632939,TRUE,,
WITHDRAWAL,2035129,24.90458192,145.6491722,2819.827836,FALSE,,
PAYEMENT,4660377,-75.24981487,-93.44327234,2244.78964,FALSE,,
PAYEMENT,6579247,28.27680464,1.045251337,2461.589645,TRUE,,
DEPOSIT,6545175,27.1411432,3.108196111,498.621699,TRUE,,
PAYEMENT,4241903,11.26681873,95.22320732,2384.805573,FALSE,,
PAYEMENT,4812273,-7.177639484,-22.99760968,542.006769,TRUE,,
DEPOSIT,8553153,-73.65957764,96.29224874,1596.579824,FALSE,,
PAYEMENT,7949725,33.79909113,169.1501799,1137.791275,FALSE,,
WITHDRAWAL,7761824,42.40145402,-7.279602583,1366.342297,TRUE,,
DEPOSIT,6359276,-76.45320172,-71.91202292,2943.46301,TRUE,,
PAYEMENT,9962229,26.67117554,-168.5491826,481.5941874,FALSE,,
DEPOSIT,4314194,-60.51420491,52.37957802,1678.269457,FALSE,,
PAYEMENT,3189123,-44.36635867,53.17058672,1986.789257,TRUE,,
DEPOSIT,4859783,-41.91814958,-57.06525826,1000.327937,TRUE,,
PAYEMENT,5745728,-78.93722313,84.32088103,457.5585773,FALSE,,
DEPOSIT,5289423,-55.36727203,-109.7281304,1732.353944,TRUE,,
DEPOSIT,7575878,30.97639112,103.9689896,1248.197498,TRUE,,
DEPOSIT,9490405,75.21027932,-53.03579615,1986.067327,FALSE,,
WITHDRAWAL,3046288,-47.99453789,53.49442379,1122.403865,TRUE,,
DEPOSIT,4281386,-87.79699921,18.60421524,2308.819426,FALSE,,
PAYEMENT,4506277,-86.16902231,-134.1294016,8.156927429,FALSE,,
WITHDRAWAL,9170267,21.6831711,-4.392974879,2819.912282,TRUE,,
PAYEMENT,3578072,-56.95532155,-20.03087357,2689.184116,TRUE,,
PAYEMENT,9976194,-12.5432805,-50.81568239,2011.231634,FALSE,,
PAYEMENT,6713080,-6.633311323,57.72201354,798.8975165,TRUE,,
WITHDRAWAL,9893924,8.005977424,-77.88814184,784.3337754,FALSE,,
WITHDRAWAL,2596188,-47.75376632,155.2171834,368.5703527,TRUE,,
PAYEMENT,1904096,-3.7187601,130.8706668,2195.534553,TRUE,,
WITHDRAWAL,5432418,76.43893055,-166.9284826,2109.837359,TRUE,,
PAYEMENT,3017621,-46.07501687,-39.1295767,2327.752488,TRUE,,
WITHDRAWAL,5082090,37.46473531,120.0417329,2901.664888,FALSE,,
PAYEMENT,9922952,-40.67669665,-120.6017084,1733.120657,FALSE,,
WITHDRAWAL,3808926,53.48670889,163.2435597,2282.472405,TRUE,,
DEPOSIT,6222259,58.9860233,58.43290526,1758.359796,TRUE,,
DEPOSIT,5552963,-80.99323874,118.1233952,907.1686775,FALSE,,
PAYEMENT,4269507,43.08577587,-23.59334133,2024.617605,FALSE,,
DEPOSIT,6196080,15.05759651,44.15917565,563.9643701,FALSE,,
PAYEMENT,4338751,-24.72466527,-172.6044248,1868.32824,FALSE,,
DEPOSIT,4185389,-2.200291428,43.97983554,1713.769958,FALSE,,
DEPOSIT,6653069,-26.29753866,119.1992426,127.3975518,TRUE,,
WITHDRAWAL,1968872,-54.55978139,-56.87091637,1231.993736,FALSE,,
PAYEMENT,5189527,-68.18411861,-92.39971932,2479.834707,FALSE,,
WITHDRAWAL,1310358,-84.67813468,-162.8684036,824.2072731,FALSE,,
PAYEMENT,5941450,-35.71973532,-49.85283526,2296.338917,TRUE,,
DEPOSIT,8302860,-6.658509216,-42.95828837,2038.406413,TRUE,,
PAYEMENT,5304140,-36.91933184,-45.40667289,575.2191579,FALSE,,
PAYEMENT,4289446,65.31867207,2.587682443,101.79699,TRUE,,
DEPOSIT,8201666,-7.501144215,128.2820418,1892.645555,TRUE,,
DEPOSIT,7537282,-41.3723379,-115.1865835,522.8920096,TRUE,,
DEPOSIT,4720100,-72.30215065,177.0491647,1063.251492,FALSE,,
PAYEMENT,2864762,86.72475339,42.33472725,183.3016213,FALSE,,
WITHDRAWAL,6325969,-8.416471589,25.50604669,489.5477011,FALSE,,
WITHDRAWAL,1260517,38.85547251,-55.33623548,1020.395367,FALSE,,
DEPOSIT,8310265,47.66081213,172.8718514,1341.87546,TRUE,,
PAYEMENT,6555846,-57.76919324,23.33400985,503.8493691,FALSE,,
PAYEMENT,6894056,24.81803021,55.97992604,2096.487604,TRUE,,
WITHDRAWAL,8761945,9.651552231,-169.2761086,1427.17013,TRUE,,
DEPOSIT,4823029,53.21955527,87.94536018,2644.947771,TRUE,,
DEPOSIT,3380696,-22.42103101,4.600566611,2670.204152,FALSE,,
PAYEMENT,6964858,-58.56031831,139.6326205,2734.911867,FALSE,,
DEPOSIT,6412391,-51.0446221,-156.3187186,0.348311023,FALSE,,
PAYEMENT,1588067,84.11807437,-157.9885079,1706.390483,TRUE,,
DEPOSIT,1423197,22.93980292,-40.74058728,2738.017845,TRUE,,
PAYEMENT,2911446,20.05998121,39.36892699,1129.068609,FALSE,,
WITHDRAWAL,5260055,36.72307356,66.60969435,2644.606769,FALSE,,
WITHDRAWAL,3346014,-86.04430318,132.9118714,2539.820068,TRUE,,
DEPOSIT,9913920,-80.3814043,-2.956206533,2236.785688,TRUE,,
DEPOSIT,1960721,-45.32027799,96.43430408,1024.229666,TRUE,,
PAYEMENT,3863027,28.89637011,69.82820203,1286.975749,TRUE,,
DEPOSIT,7132695,31.18859146,-56.56148325,115.1182156,TRUE,,
PAYEMENT,3917285,-27.14184784,78.52092163,1543.059515,FALSE,,
PAYEMENT,2499051,-32.08172693,-60.4709302,2612.532039,FALSE,,
DEPOSIT,3336763,-82.72696053,97.57869519,57.04306516,TRUE,,
DEPOSIT,8427371,7.651009924,14.29512073,415.5555525,TRUE,,
PAYEMENT,5488375,4.649863452,14.40090801,2428.060497,FALSE,,
WITHDRAWAL,4258673,6.252679515,-139.3533813,2733.156528,FALSE,,
DEPOSIT,9085360,65.37227055,154.506352,1074.770266,TRUE,,
WITHDRAWAL,8141296,73.46400574,92.1790341,1779.979547,TRUE,,
DEPOSIT,5419752,89.23431737,41.60496718,2300.16815,FALSE,,
PAYEMENT,5994381,42.86277089,-105.7564826,1918.833446,FALSE,,
DEPOSIT,6210184,34.4703007,-88.62684546,1701.846625,FALSE,,
PAYEMENT,5409696,35.81273106,-6.248101745,1574.224393,FALSE,,
PAYEMENT,3325318,-61.63277833,22.33913543,2825.849965,TRUE,,
WITHDRAWAL,1517570,25.10447874,126.2318264,1984.691352,TRUE,,
PAYEMENT,6714836,23.68885534,87.12962998,2134.969285,TRUE,,
PAYEMENT,7081959,88.31167886,4.274340785,94.3017101,TRUE,,
WITHDRAWAL,7535086,-56.55397634,-36.75981217,244.4293442,FALSE,,
PAYEMENT,8825988,-44.3158348,-4.58300947,698.2352816,FALSE,,
DEPOSIT,4355324,63.35077023,-21.58467218,1210.646655,FALSE,,
DEPOSIT,3083827,-22.45946582,-66.0615698,1181.076564,FALSE,,
WITHDRAWAL,2131776,57.2370652,-101.2692151,1792.678253,FALSE,,
WITHDRAWAL,6050621,-10.71735054,-107.6125759,2130.766101,FALSE,,
WITHDRAWAL,2545976,61.77437461,-142.2460277,2251.08593,FALSE,,
PAYEMENT,8478696,83.82146997,-74.56105144,322.0338816,FALSE,,
DEPOSIT,7679596,9.212686455,146.0410394,1224.554866,FALSE,,
WITHDRAWAL,2607407,-40.32161866,9.494644104,2570.826637,TRUE,,
PAYEMENT,8975926,72.26016328,-71.84556489,709.4335963,FALSE,,
DEPOSIT,4537269,-5.577786955,123.0826907,2030.38735,FALSE,,
PAYEMENT,8871346,55.40220051,-161.0758971,2449.493498,TRUE,,
WITHDRAWAL,8395028,-53.65504533,110.445741,1379.281368,TRUE,,
DEPOSIT,3967531,19.23029334,-115.4759401,270.1011072,TRUE,,
PAYEMENT,4311977,39.10726822,16.74256253,25.18290176,FALSE,,
PAYEMENT,1891121,-33.81980548,122.9137347,819.48935,FALSE,,
PAYEMENT,4992915,64.04898891,149.1627042,2883.411878,TRUE,,
WITHDRAWAL,1599775,-19.6864296,-108.7539144,926.1173606,TRUE,,
PAYEMENT,5013621,-39.67688994,143.2212972,188.1945919,FALSE,,
PAYEMENT,4432107,-66.43981421,-72.95801539,570.808145,TRUE,,
DEPOSIT,6013417,-45.84986408,-125.0540815,1343.933492,FALSE,,
WITHDRAWAL,8526530,24.62548587,60.46831354,2390.411141,FALSE,,
WITHDRAWAL,9346736,-36.70860267,-136.9028204,444.3132693,FALSE,,
WITHDRAWAL,1899905,13.33110014,-104.7444293,1370.483205,TRUE,,
WITHDRAWAL,5901053,-7.894216506,34.61209301,1184.11098,TRUE,,
DEPOSIT,1551453,-63.42497452,-52.90449061,1.637855965,TRUE,,
WITHDRAWAL,6307252,-5.10250591,52.88218654,2601.771911,FALSE,,
PAYEMENT,9371003,-13.23131255,-174.6602181,2830.853311,TRUE,,
DEPOSIT,7731911,-17.8911681,162.1594769,44.17527187,FALSE,,
WITHDRAWAL,8362611,-50.76306231,-75.82683039,57.62480989,FALSE,,
PAYEMENT,9849708,-45.50001871,80.3306549,796.9546666,TRUE,,
PAYEMENT,1235188,51.67340618,-136.0209975,237.2258276,FALSE,,
WITHDRAWAL,6702961,-53.16239074,-87.35373243,2817.016943,FALSE,,
PAYEMENT,5381674,-88.33985499,46.29581679,1250.721634,TRUE,,
PAYEMENT,8597606,4.649972637,-35.00562844,515.6815527,TRUE,,
PAYEMENT,2118569,-66.86904697,-16.34657402,1584.339136,FALSE,,
DEPOSIT,6723245,37.97287185,-30.64923751,632.6548717,TRUE,,
PAYEMENT,3412394,-19.55987623,28.86809087,2589.302637,FALSE,,
PAYEMENT,3371616,85.19745478,166.6279408,208.7610748,FALSE,,
PAYEMENT,8536118,-79.33898313,0.3916212406,336.6323123,FALSE,,
DEPOSIT,4832677,-48.56240944,11.91460473,789.2522664,FALSE,,
PAYEMENT,8847400,77.46499644,-12.50753592,868.3779337,FALSE,,
PAYEMENT,9404567,60.37509954,-49.1940594,284.2507442,FALSE,,
WITHDRAWAL,7750795,30.31452559,100.9691319,1115.416374,FALSE,,
WITHDRAWAL,5878112,-69.75904189,38.05352475,1877.476361,TRUE,,
PAYEMENT,2648112,-47.0478442,-5.547607728,1399.733404,TRUE,,
PAYEMENT,6086463,-14.81172636,154.1212355,2742.264746,FALSE,,
DEPOSIT,3817671,-42.20099676,-26.03658098,1772.878079,FALSE,,
PAYEMENT,6044343,77.35887993,122.5524213,1812.769701,TRUE,,
PAYEMENT,6767014,-4.275675659,-161.7946641,2328.228284,TRUE,,
WITHDRAWAL,7519381,64.80326208,130.5916937,920.3145263,TRUE,,
WITHDRAWAL,8327365,51.85636278,21.14595333,2038.432219,TRUE,,
PAYEMENT,7113706,-78.74100286,-85.35519298,176.626505,FALSE,,
DEPOSIT,9618869,-18.86915247,-23.00474286,1445.840818,FALSE,,
DEPOSIT,3689915,18.61401585,26.41030782,738.069565,TRUE,,
PAYEMENT,9556208,-64.11316004,-115.9875798,117.2745817,TRUE,,
DEPOSIT,7057574,-42.52096698,138.5091088,2173.240046,TRUE,,
PAYEMENT,5921622,81.10223437,-160.8605135,2968.764036,FALSE,,
PAYEMENT,6397303,89.28099387,-178.0685005,470.0702217,TRUE,,
DEPOSIT,4887843,-39.79256142,54.8223893,1284.074477,TRUE,,
DEPOSIT,8740241,-28.90691618,111.4975111,631.9096225,FALSE,,
PAYEMENT,2494387,-59.46719739,140.240168,1265.314026,TRUE,,
DEPOSIT,8465558,56.27395656,-42.20571819,2433.32709,TRUE,,
WITHDRAWAL,7865536,57.35266108,-107.6598974,2646.580065,FALSE,,
PAYEMENT,7928114,-13.0488191,-129.1545949,2828.371117,TRUE,,
WITHDRAWAL,9820681,29.51846797,1.515995592,1013.623606,TRUE,,
PAYEMENT,9197103,-76.68615014,106.3407331,53.88589665,TRUE,,
PAYEMENT,1858673,38.46996001,-30.46164484,2854.497462,FALSE,,
PAYEMENT,3657270,-2.746651261,-18.00723831,2459.736398,FALSE,,
WITHDRAWAL,4915582,71.93366215,3.64491378,1728.056404,TRUE,,
WITHDRAWAL,3072025,-10.40276363,-160.0039802,2572.338665,FALSE,,
DEPOSIT,8383329,-9.868264251,23.84771683,2598.339159,FALSE,,
WITHDRAWAL,1777061,-0.6799474529,130.2811943,888.0018687,FALSE,,
PAYEMENT,1080342,-72.58658809,56.95406945,21.98585312,TRUE,,
PAYEMENT,4329607,25.79992937,-134.9659594,2162.90751,FALSE,,
PAYEMENT,8027084,87.78037754,-59.89628186,2281.023797,TRUE,,
WITHDRAWAL,5043389,20.34674719,12.67345641,2766.109296,TRUE,,
PAYEMENT,9597451,-13.98633675,-8.511442582,1372.045975,TRUE,,
DEPOSIT,2716360,57.59481776,-107.8394422,2474.12821,TRUE,,
DEPOSIT,5389128,74.5422585,52.16484512,2251.845321,FALSE,,
DEPOSIT,6750999,70.48106762,-32.72494216,378.3149824,FALSE,,
PAYEMENT,5829863,82.65495289,149.4356051,515.1708409,TRUE,,
WITHDRAWAL,9709879,-8.217769578,-95.39639327,551.3078422,FALSE,,
WITHDRAWAL,4371042,42.29122624,1.244642018,1468.015386,FALSE,,
PAYEMENT,3603599,10.73691759,45.82010758,463.1482843,TRUE,,
PAYEMENT,6957758,51.91155315,37.57650532,2944.70066,FALSE,,
PAYEMENT,5668635,3.11924309,-80.09144224,771.8287963,FALSE,,
DEPOSIT,6677409,55.61155437,-162.6786256,2393.3189,TRUE,,
DEPOSIT,9306431,48.06051883,167.9168092,1942.511702,FALSE,,
PAYEMENT,6668734,-17.20972297,-131.1164091,2275.543527,FALSE,,
DEPOSIT,4774459,53.54791195,3.393265973,1814.021703,TRUE,,
PAYEMENT,4236463,78.70498837,34.55908894,356.5078367,FALSE,,
DEPOSIT,5663580,16.28927265,155.7303539,854.5008944,TRUE,,
WITHDRAWAL,2656751,17.85008952,-89.92498753,2520.843257,FALSE,,
DEPOSIT,4786915,79.76041435,-80.77365543,2788.726599,FALSE,,
PAYEMENT,7431983,-79.69411933,-147.5057191,2473.896054,FALSE,,
WITHDRAWAL,6024790,28.79506526,153.9142183,880.2932706,FALSE,,
DEPOSIT,1367059,71.34581426,155.8854957,2563.81329,TRUE,,
WITHDRAWAL,6817597,19.90259221,79.34962859,2489.810254,TRUE,,
WITHDRAWAL,2562713,-37.68689295,-108.1874352,2591.201554,FALSE,,
PAYEMENT,2090565,-63.72060131,-168.0167167,1166.980605,FALSE,,
DEPOSIT,1107641,17.03615937,-108.993732,2318.359197,TRUE,,
PAYEMENT,2271239,-44.29452079,130.9734751,1265.807197,TRUE,,
WITHDRAWAL,9521028,84.11688693,-73.139794,2519.020803,FALSE,,
DEPOSIT,9582227,-88.51141849,4.955298093,2678.491658,TRUE,,
PAYEMENT,1154607,-2.121648892,97.09295667,250.8228368,FALSE,,
WITHDRAWAL,1870436,2.447846996,-149.8684657,2279.498977,TRUE,,
WITHDRAWAL,2949352,-63.50680975,66.60549069,1124.403748,FALSE,,
PAYEMENT,5281836,-28.45709643,-147.0300793,1055.776394,TRUE,,
WITHDRAWAL,7908309,-22.96128919,174.9354394,2082.640418,FALSE,,
WITHDRAWAL,9044051,65.89094308,-178.2106395,1905.645908,TRUE,,
DEPOSIT,8186687,16.45792405,81.58541621,1597.83536,TRUE,,
WITHDRAWAL,3132670,-21.87544151,-28.27272245,2935.194678,FALSE,,
PAYEMENT,1982104,2.480515835,160.8289225,1609.921128,FALSE,,
WITHDRAWAL,7491375,-57.3100189,86.2590448,2719.23255,TRUE,,
WITHDRAWAL,8715031,-72.38232994,176.4434029,440.5149558,TRUE,,
DEPOSIT,7921438,-54.05512413,162.9710509,1860.578542,TRUE,,
PAYEMENT,4519407,-24.15244149,-38.6191395,2660.910147,FALSE,,
DEPOSIT,4769681,-71.22484541,-82.82004899,2947.488184,TRUE,,
PAYEMENT,6792082,19.32324949,-134.0159407,411.1608768,FALSE,,
DEPOSIT,8648778,0.7121289133,17.87358255,2329.707662,TRUE,,
PAYEMENT,8827861,80.44374662,112.4336656,266.0134635,FALSE,,
WITHDRAWAL,3954562,38.80825141,8.083231405,1398.590808,FALSE,,
PAYEMENT,9359707,2.326890781,167.2412425,834.6531911,FALSE,,
DEPOSIT,5734653,59.24703274,116.0636539,1139.963112,FALSE,,
WITHDRAWAL,9056841,-7.183720255,-174.5214743,2137.521807,FALSE,,
PAYEMENT,3001136,49.05926689,-57.43405131,738.3620392,FALSE,,
DEPOSIT,2187399,-61.33665227,-109.1237298,1306.664078,TRUE,,
DEPOSIT,1615236,-3.556155004,-140.8299368,2040.697169,FALSE,,
PAYEMENT,5617147,77.78181665,98.88069309,547.3820536,FALSE,,
WITHDRAWAL,1231813,75.91060293,-132.6419533,1563.409013,TRUE,,
PAYEMENT,3498947,19.11987348,-117.7070282,2929.010717,FALSE,,
DEPOSIT,1486209,-83.54933327,-19.86277391,1761.379931,TRUE,,
WITHDRAWAL,1344910,67.69218808,-118.5676445,1651.325336,FALSE,,
WITHDRAWAL,3173231,32.6848208,-21.92638205,1015.067128,TRUE,,
WITHDRAWAL,2361741,-27.07061538,-13.82286833,2779.802127,FALSE,,
DEPOSIT,3110647,38.74339256,58.2016697,764.8587899,FALSE,,
DEPOSIT,9651148,-46.68187531,162.1940395,1236.372042,TRUE,,
PAYEMENT,1142503,28.60511894,-155.8045732,693.1466517,TRUE,,
WITHDRAWAL,9091213,61.21581489,-72.26227072,1360.536094,FALSE,,
PAYEMENT,9538627,-76.30639554,164.3011502,1574.086929,TRUE,,
DEPOSIT,1608119,-54.06332989,23.28125893,2766.195472,TRUE,,
PAYEMENT,8229838,-14.56394648,62.84956646,1361.884131,FALSE,,
WITHDRAWAL,1331529,-31.75995971,19.74789689,1269.140407,FALSE,,
DEPOSIT,2380804,-3.218723414,142.8209296,238.4543263,TRUE,,
WITHDRAWAL,1011078,28.03979156,11.19800387,1465.03551,TRUE,,
WITHDRAWAL,6632919,29.7152372,160.1850387,392.6482439,TRUE,,
DEPOSIT,2980234,42.63946247,16.55391081,323.5358061,FALSE,,
DEPOSIT,5884982,5.779205709,122.9645454,2442.375159,TRUE,,
WITHDRAWAL,8021750,33.53887359,-22.48560741,15.8155586,FALSE,,
DEPOSIT,8983091,71.47508033,14.68067055,1058.848051,FALSE,,
DEPOSIT,9276948,-65.37629947,144.5406201,1804.636529,TRUE,,
DEPOSIT,4201896,-58.96333073,-113.3306486,2914.060597,TRUE,,
PAYEMENT,3936433,7.421753529,-108.8693005,1251.827851,FALSE,,
WITHDRAWAL,7662547,3.966907963,-161.5402577,2688.140001,FALSE,,
DEPOSIT,2386249,-15.51651619,63.11223213,400.7888938,FALSE,,
WITHDRAWAL,6108397,5.415592905,59.86960167,166.4284262,TRUE,,
PAYEMENT,4626179,-50.47403611,-127.934228,2993.81004,FALSE,,
PAYEMENT,3303576,-6.861951062,-159.2995443,2285.428967,FALSE,,
WITHDRAWAL,6591768,62.78930608,-148.9324431,817.4841968,FALSE,,
PAYEMENT,7809048,17.48353449,-99.95689554,1194.875312,TRUE,,
DEPOSIT,3884266,-72.57604925,-119.3474161,2925.450602,TRUE,,
PAYEMENT,1355129,30.47579794,-88.51184818,567.3060497,FALSE,,
DEPOSIT,6597757,-16.69900513,30.31920613,2866.768881,TRUE,,
PAYEMENT,1990247,49.24317314,5.359865963,1568.160368,FALSE,,
PAYEMENT,3847948,9.373008353,-43.78040508,110.3199214,FALSE,,
PAYEMENT,2575186,18.32041523,-75.03686927,394.4649414,FALSE,,
WITHDRAWAL,3876664,5.878811668,-27.77351587,1170.111018,FALSE,,
WITHDRAWAL,1054519,77.97914613,-70.61580081,378.9219324,TRUE,,
WITHDRAWAL,2811491,-80.13528796,75.78131835,2431.933114,FALSE,,
WITHDRAWAL,2449424,22.86265035,47.37549079,1353.288061,TRUE,,
DEPOSIT,6880404,18.5812891,21.38213407,396.5660376,FALSE,,
PAYEMENT,5003871,-69.27134519,-69.83539652,1769.373689,FALSE,,
WITHDRAWAL,8746255,37.51567985,-4.042629546,1886.115419,FALSE,,
WITHDRAWAL,8461407,6.779457535,-91.33343263,721.1892766,TRUE,,
WITHDRAWAL,7787994,-64.3455007,-2.486783512,214.924146,FALSE,,
PAYEMENT,3217350,-60.56692468,-166.3216726,1215.498848,TRUE,,
DEPOSIT,4700456,57.8735184,-109.7159429,2271.048432,TRUE,,
WITHDRAWAL,7710961,60.82498691,-24.54601957,2252.45209,TRUE,,
WITHDRAWAL,7154455,-28.73800533,38.22697336,1864.104074,FALSE,,
WITHDRAWAL,6511542,25.00362493,-31.01945539,2439.584911,TRUE,,
DEPOSIT,7737409,32.1688298,39.27827607,2405.338087,TRUE,,
WITHDRAWAL,9886083,-48.31786343,-51.19455192,1142.197361,TRUE,,
DEPOSIT,6779101,-12.42576969,63.65259673,440.3966546,TRUE,,
WITHDRAWAL,9128848,-70.66510067,16.04080936,726.215565,TRUE,,
WITHDRAWAL,9675301,-32.87378954,-167.9413849,558.1563345,FALSE,,
WITHDRAWAL,3468737,51.99318284,-98.05593601,165.7657374,TRUE,,
WITHDRAWAL,4908229,-89.76929673,-1.399720529,1663.245435,FALSE,,
WITHDRAWAL,9467666,-4.274157598,-82.86778222,2540.858159,TRUE,,
WITHDRAWAL,6153495,50.65413412,16.02385988,1297.967921,FALSE,,
WITHDRAWAL,8657325,17.72645981,-148.9641881,349.1959072,FALSE,,
WITHDRAWAL,2263724,-25.79225468,158.6792172,13.08953151,TRUE,,
DEPOSIT,1561152,-19.78139325,-21.22834063,1692.960365,FALSE,,
PAYEMENT,7754740,-86.43419776,-154.9654415,1457.567067,TRUE,,
PAYEMENT,3915102,-32.10087914,-43.53237669,1603.630628,FALSE,,
PAYEMENT,7246271,28.76922947,-26.11353055,2735.377982,FALSE,,
WITHDRAWAL,5989552,59.04134405,133.5921497,1846.9922,TRUE,,
WITHDRAWAL,7774222,-31.56014999,46.73837887,1373.107345,FALSE,,
WITHDRAWAL,6859095,82.16446134,-57.46766871,2552.378915,FALSE,,
PAYEMENT,6036918,31.44717567,-33.50095972,2274.202036,TRUE,,
WITHDRAWAL,7269137,80.64195832,-119.8387585,965.1426112,TRUE,,
PAYEMENT,7404778,83.31202928,-83.87439065,2983.520113,TRUE,,
PAYEMENT,5629626,-37.11448444,-119.8054308,2294.012613,TRUE,,
WITHDRAWAL,2538280,17.89362837,-20.32833362,2237.077656,FALSE,,
WITHDRAWAL,1843125,74.72552007,-46.35777863,1264.404342,FALSE,,
WITHDRAWAL,1713695,-9.90408982,-174.9039082,2774.178134,TRUE,,
DEPOSIT,1110565,-89.94512302,80.61946677,2078.273485,TRUE,,
PAYEMENT,4877463,26.96483121,-11.03672081,2999.245071,TRUE,,
WITHDRAWAL,8487240,75.25880083,-18.67240083,2488.553668,TRUE,,
DEPOSIT,4701806,35.46270903,96.76460056,2914.871315,TRUE,,
WITHDRAWAL,6456158,89.78402696,-103.59609,2823.714549,FALSE,,
WITHDRAWAL,3802402,48.5430944,-178.9146199,2531.440724,TRUE,,
PAYEMENT,1264339,59.58126508,-115.5426746,2732.054491,TRUE,,
WITHDRAWAL,7381486,-44.63262255,-151.5733768,277.1224492,FALSE,,
PAYEMENT,9302934,60.07373158,122.9578078,1076.900115,TRUE,,
WITHDRAWAL,6170051,-74.62851154,-7.514284205,1979.430327,FALSE,,
PAYEMENT,6974802,-88.43743733,161.366793,2708.190641,FALSE,,
DEPOSIT,4758587,-6.509895219,58.55210611,1319.582267,TRUE,,
WITHDRAWAL,4794176,-88.80969035,-165.7593006,1402.634423,TRUE,,
DEPOSIT,2107337,-0.4291509832,-55.04871328,2936.678813,FALSE,,
PAYEMENT,7344305,3.172335956,-93.10731564,227.753779,TRUE,,
DEPOSIT,8513794,28.56946356,160.8697677,102.7036125,FALSE,,
PAYEMENT,4053681,62.2108981,-124.9331272,303.0900835,TRUE,,
WITHDRAWAL,8284730,-70.47181913,-83.7653044,2233.369873,FALSE,,
WITHDRAWAL,7329075,35.8790263,-30.90253697,1747.385754,FALSE,,
WITHDRAWAL,1786347,-74.06462781,-167.4497953,2935.105636,TRUE,,
PAYEMENT,6471273,-29.83589576,146.4499376,1590.853486,FALSE,,
WITHDRAWAL,2762482,-86.50984531,20.77832098,415.5710966,FALSE,,
PAYEMENT,4679092,-29.02996259,-23.24399465,2158.201201,TRUE,,
WITHDRAWAL,4102973,4.507192929,-76.30904917,1363.999785,TRUE,,
WITHDRAWAL,8333441,-6.319268448,-139.0344591,2686.804897,TRUE,,
PAYEMENT,4850440,-17.53528608,-171.0688441,2907.679643,FALSE,,
PAYEMENT,9135718,66.18646274,129.6809299,1515.585849,FALSE,,
DEPOSIT,8125327,-27.89578329,-128.2475745,2400.760485,TRUE,,
PAYEMENT,7978960,-70.81750528,-88.13111077,1578.397646,TRUE,,
DEPOSIT,2555045,26.92860998,-17.3766575,1139.36728,FALSE,,
DEPOSIT,5322541,84.99135972,-91.15424063,160.092014,FALSE,,
WITHDRAWAL,3036581,89.12285462,137.2885091,2020.184094,FALSE,,
PAYEMENT,8805168,-75.62499773,32.71142696,1157.300556,TRUE,,
DEPOSIT,8106883,59.35798324,-68.71621385,1675.080051,TRUE,,
WITHDRAWAL,7014703,34.34129709,34.39795845,647.1255821,TRUE,,
DEPOSIT,4546578,53.46691737,106.2612665,2088.190828,FALSE,,
PAYEMENT,5701150,-68.82550926,-36.54117004,1357.515565,TRUE,,
DEPOSIT,9432676,27.74377866,73.85665662,609.7346848,FALSE,,
DEPOSIT,6173016,17.00671246,-122.9632006,1089.641344,TRUE,,
PAYEMENT,4647537,-61.92565376,49.42423255,2957.685159,FALSE,,
PAYEMENT,2470409,28.18613366,104.6204188,935.9808255,FALSE,,
DEPOSIT,5564780,24.02324736,-108.9073326,2188.588129,TRUE,,
PAYEMENT,9800688,75.28742108,-128.136436,2923.338147,FALSE,,
WITHDRAWAL,2290533,-23.53419624,-89.29556747,2026.00146,FALSE,,